"","mother_tongue_english","mother_tongue_french","immigrant_share","aboriginal_share","vismin_population","low_income_share","unemployment_rate","region","riding_name"
"1",0.0467064493917833,0.328436997934358,0.0117325435698827,0.667350193665983,0.0116186353798838,0.037,13,"Nord-du-Québec","Ungava"
"2",0.00222737819025522,0.98969837587007,0.00777777777777778,0.106574074074074,0.00657407407407407,0.057,12.1,"Saguenay—Lac-Saint-Jean","Roberval"
"3",0.00332826169646253,0.992677824267782,0.00863787375415282,0.0364464692482916,0.0077828397873956,0.049,9.5,"Saguenay—Lac-Saint-Jean","Lac-Saint-Jean"
"4",0.0102473150064046,0.986402601241502,0.0087426326129666,0.0468611847922193,0.00520679831024659,0.041,8.7,"Saguenay—Lac-Saint-Jean","Dubuc"
"5",0.00804387568555759,0.987477148080439,0.0112083105522143,0.0406452200856648,0.0119373063604884,0.085,8.8,"Saguenay—Lac-Saint-Jean","Jonquière"
"6",0.00747330960854093,0.977580071174377,0.0182543198936642,0.0419140451927337,0.019672131147541,0.097,8.3,"Saguenay—Lac-Saint-Jean","Chicoutimi"
"7",0.00577679449360865,0.938053097345133,0.0103696474319873,0.138604197169351,0.00866170550201293,0.048,11.9,"Côte-Nord","René-Lévesque"
"8",0.0782458282458283,0.784595034595035,0.0134808853118712,0.216800804828974,0.00895372233400402,0.032,12.7,"Côte-Nord","Duplessis"
"9",0.00923919242614349,0.981065358731607,0.00715502555366269,0.0362294151050539,0.00579150579150579,0.052,7.9,"Abitibi-Témiscamingue","Abitibi-Ouest"
"10",0.00995899238429994,0.932996485061511,0.0143241474587363,0.0767832472915,0.011706536755617,0.116,9.4,"Mauricie","Laviolette-Saint-Maurice"
"11",0.0078453574894856,0.986007764477515,0.0184439432989691,0.0145779639175258,0.0101481958762887,0.035,7.1,"Capitale-Nationale","Charlevoix-Côte-de-Beaupré"
"12",0.0243414863593603,0.943908748824083,0.0199559113586263,0.0838844413505047,0.018795683954055,0.058,7.3,"Abitibi-Témiscamingue","Abitibi-Est"
"13",0.0126810288925715,0.947834858419194,0.0197693574958814,0.0429021630138949,0.0102420856610801,0.072,8.7,"Lanaudière","Berthier"
"14",0.00739126314792002,0.983890836728892,0.0169587337478802,0.0141309467734338,0.0102694554362163,0.055,6.3,"Mauricie","Maskinongé"
"15",0.0121998828811243,0.98155377708374,0.0154774652000389,0.0120704760050618,0.00876082935851261,0.044,5.5,"Capitale-Nationale","Portneuf"
"16",0.0124601965942129,0.969610964973003,0.032856750068738,0.0434394116434119,0.0182830435081449,0.042,3.6,"Capitale-Nationale","Chauveau"
"17",0.00884517407302576,0.951457684687235,0.057881427367238,0.0132762011801068,0.0468497576736672,0.072,4.3,"Capitale-Nationale","Charlesbourg"
"18",0.00761279508311217,0.966056711831261,0.040397029221906,0.0113139446102589,0.0372041368779066,0.05,4,"Capitale-Nationale","Montmorency"
"19",0.0516419253261359,0.934053081421502,0.0171321495493888,0.0528288416919507,0.0168644597126796,0.064,8,"Abitibi-Témiscamingue","Rouyn-Noranda-Témiscamingue"
"20",0.00967741935483871,0.965853658536585,0.0265195963388876,0.0160369240397403,0.0233122115309395,0.099,7.2,"Lanaudière","Joliette"
"21",0.010942834631883,0.949137704631008,0.0474870017331023,0.011524131357768,0.0642058747075643,0.05,6.1,"Lanaudière","L'Assomption"
"22",0.0194401244167963,0.908786936236392,0.0901356633708899,0.00965739250402391,0.113742622825171,0.052,5.4,"Lanaudière","Repentigny"
"23",0.0197329474445833,0.960468328619351,0.0330007174069002,0.0153926428385077,0.0245890947038873,0.031,3.6,"Capitale-Nationale","La Peltrie"
"24",0.0105136037507992,0.935426582368402,0.0659541555336802,0.013008930454961,0.0728448882013781,0.084,4.6,"Capitale-Nationale","Vanier-Les Rivières"
"25",0.0121810260513915,0.914377167244599,0.0926820697531407,0.01932706667838,0.0862689976280418,0.218,6.9,"Capitale-Nationale","Jean-Lesage"
"26",0.00849015317286652,0.971816192560175,0.0344347826086957,0.00843478260869565,0.0292173913043478,0.081,4.7,"Chaudière-Appalaches","Lévis"
"27",0.00680522346882472,0.985286003310649,0.0175679385122152,0.0172019397932107,0.0150059474791838,0.081,7.8,"Bas-Saint-Laurent","Rimouski"
"28",0.0050587172538392,0.992502258355917,0.00990901720565715,0.0265741825060805,0.00774774774774775,0.073,11.8,"Bas-Saint-Laurent","Matane-Matapédia"
"29",0.123856613102596,0.860939431396786,0.0109015188633023,0.124081332680059,0.00661440470357668,0.058,16.1,"Gaspésie—Îles-de-la-Madeleine","Bonaventure"
"30",0.0666092449038185,0.92807924203273,0.0113895216400911,0.0985053380782918,0.00754555808656036,0.06,15.7,"Gaspésie—Îles-de-la-Madeleine","Gaspé"
"31",0.0563090834360871,0.941635840526099,0.00861361771944217,0.0176374077112387,0.00410172272354389,0.029,12,"Gaspésie—Îles-de-la-Madeleine","Îles-de-la-Madeleine"
"32",0.326757353464853,0.572110248557795,0.114301452867865,0.0709219858156028,0.11994766921435,0.066,6.1,"Outaouais","Pontiac"
"33",0.114562925646049,0.424200018658457,0.340800425004427,0.0047812998052063,0.331857623516912,0.071,7.4,"Montréal","LaFontaine"
"34",0.0208333333333333,0.873898237179487,0.121621621621622,0.0111633372502938,0.16186839012926,0.106,6.7,"Montréal","Pointe-aux-Trembles"
"35",0.0091360333788936,0.978131069707215,0.0192431504399456,0.0118034194148365,0.0154517490521497,0.081,7.8,"Mauricie","Champlain"
"36",0.0145899410965111,0.944540099682827,0.0623427955443766,0.00826520528254425,0.0434782608695652,0.03,4.1,"Capitale-Nationale","Louis-Hébert"
"37",0.0225666354423912,0.86579238695393,0.142773649494865,0.00968523002421308,0.136762127410871,0.182,6.7,"Capitale-Nationale","Jean-Talon"
"38",0.0267234042553192,0.905787234042553,0.100938180599765,0.0121450707764469,0.0789010804925036,0.215,6.3,"Capitale-Nationale","Taschereau"
"39",0.00413432332095849,0.992659466756665,0.0098509724677949,0.00993516881367349,0.00496758440683674,0.052,6.3,"Chaudière-Appalaches","Côte-du-Sud"
"40",0.00444929482874412,0.991773002014775,0.011722347818806,0.0155739763878423,0.00795445030561835,0.056,8.2,"Bas-Saint-Laurent","Rivière-du-Loup-Témiscouata"
"41",0.169093689740009,0.788483276813618,0.0510710553814002,0.0902619032068448,0.036376698014629,0.046,6.8,"Outaouais","Gatineau"
"42",0.0714538693111387,0.648840092084292,0.227524972253052,0.00785452061811662,0.243319388713395,0.057,6.3,"Laval","Mille-Îles"
"43",0.0439977509136913,0.499367444475682,0.422061073780853,0.00691903399640742,0.49943450202914,0.221,12.5,"Montréal","Bourassa-Sauvé"
"44",0.0283916513198281,0.778468385512584,0.205741626794258,0.0100934579439252,0.222953271028037,0.15,8.7,"Montréal","Bourget"
"45",0.0111455108359133,0.951702786377709,0.0465187687111384,0.0157365471712597,0.0504337145927689,0.16,8.4,"Mauricie","Trois-Rivières"
"46",0.00653391412570006,0.982991080688654,0.0184898254312571,0.0233422846519314,0.009193265158558,0.055,5.7,"Centre-du-Québec","Nicolet-Bécancour"
"47",0.00639151424491739,0.978037669137146,0.0232841478272641,0.00697217897515738,0.018005821430989,0.075,5.8,"Centre-du-Québec","Arthabaska"
"48",0.00945179584120983,0.980286254388334,0.0223655047350393,0.00913426019208812,0.0182685203841762,0.03,3.7,"Chaudière-Appalaches","Chutes-de-la-Chaudière"
"49",0.00728715063186053,0.98487224425791,0.0144367816091954,0.0108505747126437,0.0123218390804598,0.03,3.7,"Chaudière-Appalaches","Beauce-Nord"
"50",0.00554198760097689,0.986755588953598,0.0146081093735368,0.00842696629213483,0.0137653338327559,0.034,4.2,"Chaudière-Appalaches","Bellechasse"
"51",0.0600288979377381,0.919217128595823,0.0299773389446423,0.0365814179346067,0.0275187775187775,0.069,6.4,"Outaouais","Papineau"
"52",0.0726658967753398,0.647774717953274,0.227025187202178,0.00578624914908101,0.2214091218516,0.045,6,"Laval","Vimont"
"53",0.036989247311828,0.647096774193548,0.302172572133507,0.00911520800493455,0.306263706140351,0.138,8.5,"Laval","Laval-des-Rapides"
"54",0.0759325355168311,0.313807824200434,0.485558157689305,0.00331750471606063,0.42863648191517,0.158,11,"Montréal","Jeanne-Mance-Viger"
"55",0.0400983384198033,0.619532044760936,0.331981835874149,0.00527084009082063,0.311628284138826,0.131,9.5,"Montréal","Anjou-Louis-Riel"
"56",0.0393600581765294,0.820925370420871,0.173482032218092,0.0118615561653536,0.178969729155603,0.269,9,"Montréal","Hochelaga-Maisonneuve"
"57",0.0169166721733959,0.958765611577348,0.0369325636315928,0.00708428993112496,0.0328653896615062,0.028,4.1,"Montérégie","Verchères"
"58",0.0261469808952726,0.952726258541347,0.0409332505004487,0.00980189135086629,0.0251950024159591,0.031,4.5,"Montérégie","Borduas"
"59",0.0120743781695243,0.968606616759237,0.0274685673100024,0.0111324683645683,0.0219445779272786,0.075,6.2,"Centre-du-Québec","Drummond-Bois-Francs"
"60",0.0543889122217556,0.938996220075598,0.0188718590345115,0.0188718590345115,0.00823688874986967,0.059,5.8,"Estrie","Mégantic"
"61",0.0093984962406015,0.984962406015038,0.0126582278481013,0.0103355302576393,0.00823908321474047,0.042,4.6,"Chaudière-Appalaches","Lotbinière-Frontenac"
"62",0.00750763138354921,0.987129774771058,0.0136490708765006,0.0121690511429041,0.00920901167571123,0.055,5.1,"Chaudière-Appalaches","Beauce-Sud"
"63",0.118635101177093,0.703412247057268,0.194605994759379,0.039243257062508,0.21377899916917,0.165,8.2,"Outaouais","Hull"
"64",0.0635969587152704,0.848930576280821,0.100940916009409,0.0378415773088897,0.108751297129021,0.11,7.3,"Outaouais","Chapleau"
"65",0.108835369729501,0.360194929020411,0.435246284076518,0.00439941341154513,0.312404185829501,0.133,9.3,"Laval","Chomedey"
"66",0.0587544927748845,0.700652827697499,0.214991530208922,0.00458780350084698,0.220426312817617,0.046,5.8,"Laval","Sainte-Rose"
"67",0.033439744612929,0.676456504389465,0.300995405819296,0.00482388973966309,0.292266462480858,0.171,9.1,"Montréal","Maurice-Richard"
"68",0.0379920659139457,0.432102532804394,0.469709004260235,0.00512635379061372,0.556606498194946,0.233,12.8,"Montréal","Viau"
"69",0.0335885582201676,0.728546662814216,0.251974557908716,0.00908582611126642,0.227495107632094,0.18,8.2,"Montréal","Rosemont"
"70",0.0440851193654184,0.902143238502021,0.0778002850926551,0.00555180433640933,0.0497448979591837,0.03,4.5,"Montérégie","Montarville"
"71",0.00888931370674823,0.976103995411967,0.0228115198175078,0.0120710959034312,0.0165383518676932,0.092,7.7,"Montérégie","Richelieu"
"72",0.00847042352117606,0.954217710885544,0.0505477742338095,0.00915268340036056,0.0454892171139311,0.085,5.6,"Montérégie","Saint-Hyacinthe"
"73",0.0404193590927074,0.943162336806013,0.0313951206749951,0.00987638171234221,0.0173981293740598,0.045,5.1,"Estrie","Richmond"
"74",0.0320584034280273,0.867163942231392,0.11435275713727,0.0114969497888315,0.108877590926867,0.177,8.6,"Estrie","Sherbrooke"
"75",0.108016877637131,0.54690576652602,0.272252710480525,0.00542096104939098,0.248895730156606,0.056,6.1,"Laval","Fabre"
"76",0.0729981631403497,0.352677052860739,0.530036234187274,0.00330578512396694,0.476350921805467,0.195,11.4,"Montréal","Acadie"
"77",0.0762507106310404,0.494457077885162,0.377000068087424,0.00531081909171376,0.382761437908497,0.238,9.6,"Montréal","Laurier-Dorion"
"78",0.0579907896981068,0.787310250724885,0.194287612089007,0.00896712055795417,0.149439601494396,0.205,6.8,"Montréal","Gouin"
"79",0.138763197586727,0.683333333333333,0.224664135514019,0.00868866822429907,0.133031542056075,0.232,6.7,"Montréal","Mercier"
"80",0.120006842870584,0.668890599606535,0.259357184169214,0.0110707204230007,0.227858559153999,0.29,8.4,"Montréal","Sainte-Marie-Saint-Jacques"
"81",0.0276318794245261,0.831468371774378,0.173745173745174,0.00994950994950995,0.177606177606178,0.115,7,"Montérégie","Taillon"
"82",0.0383979856794398,0.92454166338815,0.0540960671537385,0.0101049358725223,0.0372299082854034,0.04,4.2,"Montérégie","Chambly"
"83",0.0114316097301608,0.973082546856307,0.0244514935236585,0.0122257467618292,0.0175786412899815,0.075,6.6,"Montérégie","Johnson"
"84",0.136024659441185,0.845381326439296,0.052336999214454,0.0146293568973981,0.0113904163393559,0.064,6.5,"Estrie","Orford"
"85",0.0729116033608777,0.882091521422123,0.0601152895964864,0.012901454844908,0.0487888561037535,0.108,6,"Estrie","Saint-François"
"86",0.331206340677055,0.296211714132187,0.335575153860796,0.00520271556373327,0.328786244527631,0.067,7,"Montréal","Nelligan"
"87",0.378927391579391,0.214662261896394,0.403275669275801,0.00440702492929027,0.410511083338815,0.09,7.4,"Montréal","Robert-Baldwin"
"88",0.148514258327342,0.314282290917805,0.508520483015461,0.00259564383252455,0.518395214987022,0.155,9.7,"Montréal","Saint-Laurent"
"89",0.300698109994892,0.485526987910778,0.235534822816924,0.0144856371225141,0.239073498117532,0.145,8.3,"Montréal","Marquette"
"90",0.158797534597046,0.451447842772415,0.400231954492738,0.0039765823483928,0.330259015850224,0.238,9.8,"Montréal","Mont-Royal-Outremont"
"91",0.165940200351763,0.610461114934618,0.242388237041438,0.0105450764889351,0.207856824595277,0.176,8.1,"Montréal","Verdun"
"92",0.0314993009293527,0.820544452668805,0.185712002557136,0.0121473667385919,0.195301262585904,0.18,8.9,"Montérégie","Marie-Victorin"
"93",0.0251960620724178,0.957116636075421,0.0284293410692085,0.0111893907998342,0.0140062986905354,0.049,5,"Montérégie","Iberville"
"94",0.0210451643414519,0.938204461259557,0.0481212405280837,0.011171002265448,0.0446058901648309,0.089,6.5,"Montérégie","Granby"
"95",0.208918841410955,0.743332377401778,0.0674868189806678,0.0128646748681898,0.0407029876977153,0.032,5.2,"Montérégie","Soulanges"
"96",0.247698915933729,0.589077520965433,0.167716122261577,0.0109536927718746,0.16469893742621,0.05,5.6,"Montérégie","Vaudreuil"
"97",0.522867627315851,0.244428533070796,0.244973363120811,0.00738958583949132,0.176046052066329,0.07,6.2,"Montréal","Jacques-Cartier"
"98",0.34607231542608,0.20949669917025,0.487992260414295,0.00216253129979513,0.424652856817664,0.202,9.4,"Montréal","D'Arcy-McGee"
"99",0.393486306439674,0.254330125832717,0.37978237978238,0.00765180765180765,0.3424599831508,0.209,9.1,"Montréal","Notre-Dame-de-Grâce"
"100",0.263899546564353,0.368887338681549,0.358525713525381,0.0093812375249501,0.370567493846051,0.157,10.3,"Montréal","Marguerite-Bourgeoys"
"101",0.193894276738151,0.560647452533807,0.251161877331937,0.012436996792564,0.278897761487106,0.224,8.5,"Montréal","Saint-Henri-Sainte-Anne"
"102",0.331285202252944,0.259161729207812,0.339529379003063,0.00396825396825397,0.391673628515734,0.382,11.1,"Montréal","Westmount-Saint-Louis"
"103",0.0625485022505044,0.787133322986187,0.164565562014041,0.00988903147882539,0.181701517324677,0.055,5.7,"Montérégie","Vachon"
"104",0.025708148744798,0.949523425963217,0.0371082101915049,0.0126573889993373,0.0265076209410205,0.071,5.9,"Montérégie","Saint-Jean"
"105",0.152393844400114,0.828227415218011,0.0431973028025567,0.0151014961017068,0.0132050291493995,0.058,5.5,"Montérégie","Brome-Missisquoi"
"106",0.0322228290551611,0.954123429819771,0.0228746397694524,0.0126992704674412,0.0152211114113303,0.101,7.8,"Montérégie","Beauharnois"
"107",0.21485515826032,0.672191964638093,0.135251246643652,0.020560030686613,0.142232451093211,0.057,7.5,"Montérégie","Châteauguay"
"108",0.0442025556081401,0.891717936583057,0.0720461095100865,0.0151529236776053,0.0649809426420006,0.04,5,"Montérégie","Sanguinet"
"109",0.169800515414718,0.800610861887945,0.0355363354329228,0.0371345304127104,0.0140077089404907,0.061,5.9,"Montérégie","Huntingdon"
"110",0.0645076815642458,0.839647346368715,0.104908237302603,0.0104984636394674,0.0977296005462615,0.039,4.9,"Montérégie","La Prairie"
"111",0.124744231990404,0.465180272348832,0.381244936537942,0.00405104314360948,0.433461616366214,0.083,7.2,"Montérégie","La Pinière"
"112",0.145599285767428,0.665649877241277,0.210658803222094,0.00747932398417835,0.194822006472492,0.12,8,"Montérégie","Laporte"
"113",0.0337317021427056,0.935153100912241,0.0401062045835662,0.0168390162101733,0.032143106701139,0.044,5.5,"Laurentides","Mirabel"
"114",0.0667841261850826,0.864921553821629,0.078108263986158,0.011206328279499,0.0743243243243243,0.07,6.6,"Laurentides","Deux-Montagnes"
"115",0.0538654539752235,0.839971773561236,0.0829230769230769,0.0112299053918929,0.0635384615384615,0.083,6.1,"Laurentides","Groulx"
"116",0.040999662276258,0.884566024991557,0.0805596074791142,0.0086201180293084,0.0655128970227438,0.046,5.1,"Laurentides","Blainville"
"117",0.0149253731343284,0.94248502709383,0.0513952832847881,0.0136226982337467,0.0674621817156817,0.049,6.6,"Laurentides","Les Plaines"
"118",0.0239076669414674,0.900590821654301,0.0882847722225961,0.0113047574187471,0.116008343987619,0.057,5.7,"Lanaudière","Terrebonne"
"119",0.0276759210756068,0.908328968046097,0.0672796013060663,0.0108275328692962,0.0703729163086441,0.04,4.8,"Lanaudière","Masson"
"120",0.0135332489533638,0.972349333073703,0.0198918501351873,0.0153549010140029,0.0140028971511347,0.064,7.3,"Lanaudière","Rousseau"
"121",0.0379142482681146,0.939805279910129,0.0437395968189384,0.0132223763291724,0.0159053079341594,0.046,6.1,"Laurentides","Prévost"
"122",0.0156083717630365,0.95317488471089,0.0416286416286416,0.0166374166374166,0.0353808353808354,0.104,7.3,"Laurentides","Saint-Jérôme"
"123",0.1222852158744,0.855473179241169,0.0378768358670446,0.0148587133900198,0.0145151593231985,0.068,7.2,"Laurentides","Argenteuil"
"124",0.0261008522727273,0.961381392045455,0.0240028238616308,0.0488881044828803,0.00864807624426403,0.075,10.9,"Laurentides","Labelle"
"125",0.0525803310613437,0.925643976276888,0.0483518405176183,0.0153025533403288,0.0146904512067156,0.093,8.8,"Lanaudière","Bertrand"
